timestamp_iso,brent_usd,wti_usd
2026-05-05T12:39:07.694Z,111.92,103.03
2026-05-05T13:58:07.128Z,111.22,102.3
2026-05-05T14:59:04.163Z,110.88,101.7
2026-05-05T15:59:04.403Z,110.47,102.17
2026-05-05T16:59:04.134Z,110.65,102.34
2026-05-05T17:59:04.313Z,110.13,102.06
2026-05-05T18:59:04.171Z,109.66,102.27
2026-05-05T19:59:04.048Z,110.3,102.82
2026-05-05T20:59:04.437Z,110.42,102.6
2026-05-05T21:59:06.162Z,110.29,102.27
2026-05-05T22:59:04.049Z,110.29,100.72
2026-05-05T23:59:04.092Z,110.29,99.78
2026-05-06T00:59:04.419Z,108.63,100.98
2026-05-06T01:59:04.253Z,107.97,100.55
2026-05-06T02:59:09.043Z,108.04,100.65
2026-05-06T03:59:04.172Z,108.09,100.53
2026-05-06T04:59:04.125Z,108.09,100.4
2026-05-06T05:59:04.139Z,107.94,100.25
2026-05-06T06:59:04.299Z,108.43,100.89
2026-05-06T07:59:04.318Z,105.97,98.13
2026-05-06T08:59:04.433Z,103.45,95.72
2026-05-06T09:59:04.675Z,101.53,93.49
2026-05-06T10:59:04.068Z,98.58,89.91
2026-05-06T11:59:04.163Z,100.21,92.53
2026-05-06T12:59:04.215Z,102.97,95.26
2026-05-06T13:59:04.140Z,102.82,96.1
2026-05-06T14:59:06.650Z,101.76,94.84
2026-05-06T15:59:09.956Z,102.2,95.36
2026-05-06T16:59:08.490Z,102.64,95.98
2026-05-06T17:59:10.612Z,101.54,95.18
2026-05-06T18:59:04.040Z,101.37,95.23
2026-05-06T19:59:04.203Z,101.33,95.11
2026-05-06T20:58:06.194Z,101.98,96.18
2026-05-06T21:58:08.627Z,101.92,95.08
2026-05-06T22:55:04.583Z,101.92,95.85
2026-05-06T23:55:47.276Z,101.92,95.99
2026-05-07T00:56:47.588Z,102.31,96.27
2026-05-07T01:57:46.134Z,101.81,95.52
2026-05-07T02:58:04.870Z,101.85,95.69
2026-05-07T03:56:06.423Z,102.02,95.77
2026-05-07T04:57:03.466Z,101.85,95.67
2026-05-07T05:57:04.109Z,101.71,95.32
2026-05-07T06:56:45.178Z,100.91,94.65
2026-05-07T07:58:50.249Z,99.65,93.33
2026-05-07T08:58:47.652Z,99.43,93.19
2026-05-07T09:58:03.846Z,99.05,92.94
2026-05-07T10:59:48.737Z,98.98,92.84
2026-05-07T11:56:04.185Z,98.29,92.01
2026-05-07T12:56:03.592Z,96.56,90.34
2026-05-07T13:57:03.471Z,97.44,91.44
2026-05-07T14:58:47.647Z,97.27,91.17
2026-05-07T15:56:01.355Z,99.05,93.07
2026-05-07T16:59:47.887Z,100.86,95.72
2026-05-07T17:55:06.921Z,101.16,95.47
2026-05-07T18:58:03.621Z,101.03,95.72
2026-05-07T19:55:47.153Z,101.89,96.41
2026-05-07T20:55:04.647Z,102.91,97.4
2026-05-07T21:57:48.836Z,103.31,94.81
2026-05-07T22:58:03.496Z,103.49,97.28
2026-05-07T23:59:06.196Z,103.49,96.94
2026-05-08T00:57:04.096Z,102.34,96.78
2026-05-08T01:56:48.086Z,101.55,95.9
2026-05-08T02:58:45.662Z,101.33,95.74
2026-05-08T03:59:04.097Z,101.19,95.71
2026-05-08T04:59:47.303Z,101.34,95.8
2026-05-08T05:56:03.645Z,100.98,95.41
2026-05-08T06:57:48.892Z,100.61,95.15
2026-05-08T07:58:03.885Z,101.1,95.37
2026-05-08T08:59:46.308Z,100.31,94.61
2026-05-08T09:59:04.363Z,100.86,95.18
2026-05-08T10:56:51.548Z,100.5,95.08
2026-05-08T11:57:05.569Z,100.8,95.16
2026-05-08T12:59:05.451Z,100.6,95.32
2026-05-08T13:55:04.472Z,99.96,94.26
2026-05-08T14:58:45.823Z,101.43,95.34
2026-05-08T15:56:03.614Z,101.82,96.02
2026-05-08T16:56:06.387Z,101.55,96.01
2026-05-08T17:58:04.213Z,101.07,95.46
2026-05-08T18:59:04.242Z,101.26,95.58
2026-05-08T19:56:03.840Z,100.53,94.81
2026-05-08T20:58:10.965Z,100.48,94.64
2026-05-08T21:56:46.085Z,100.57,95.42
2026-05-08T22:57:47.188Z,100.57,95.42
2026-05-08T23:59:46.933Z,100.57,95.42
2026-05-09T00:56:46.980Z,100.57,95.42
2026-05-09T01:58:03.635Z,101.29,95.42
2026-05-09T02:55:04.136Z,101.29,95.42
2026-05-09T03:55:05.504Z,101.29,95.42
2026-05-09T04:57:45.319Z,101.29,95.42
2026-05-09T05:55:05.237Z,101.29,95.42
2026-05-09T06:55:54.753Z,101.29,95.42
2026-05-09T07:57:45.852Z,101.29,95.42
2026-05-09T08:59:46.907Z,101.29,95.42
2026-05-09T09:55:04.631Z,101.29,95.42
2026-05-09T10:56:46.042Z,101.29,95.42
2026-05-09T11:57:50.741Z,118.26,109.76
2026-05-09T12:58:04.807Z,118.26,109.76
2026-05-09T13:58:05.871Z,118.26,109.76
2026-05-09T14:54:47.816Z,101.29,95.42
2026-05-09T15:57:07.403Z,101.29,95.42
2026-05-09T16:58:09.837Z,101.29,95.42
2026-05-09T17:56:04.005Z,101.29,95.42
2026-05-09T18:56:03.635Z,101.29,95.42
2026-05-09T19:59:03.666Z,101.29,95.42
2026-05-09T20:55:50.100Z,101.29,95.42
2026-05-09T21:56:04.324Z,101.29,95.42
2026-05-09T22:58:08.274Z,101.29,95.42
2026-05-09T23:55:04.183Z,101.29,95.42
2026-05-10T00:55:46.742Z,101.29,95.42
2026-05-10T01:55:14.220Z,101.29,95.42
2026-05-10T02:57:28.729Z,101.29,95.42
2026-05-10T03:59:04.303Z,101.29,95.42
2026-05-10T04:59:04.290Z,101.29,95.42
2026-05-10T05:55:04.125Z,101.29,95.42
2026-05-10T06:58:03.620Z,101.29,95.42
2026-05-10T07:55:04.646Z,118.26,109.76
2026-05-10T08:55:47.672Z,101.29,95.42
2026-05-10T09:57:47.753Z,101.29,95.42
2026-05-10T10:57:03.651Z,101.29,95.42
2026-05-10T11:58:03.615Z,101.29,95.42
2026-05-10T12:58:03.636Z,101.29,95.42
2026-05-10T13:59:04.279Z,101.29,95.42
2026-05-10T14:57:04.683Z,101.29,95.42
2026-05-10T15:58:45.085Z,101.29,95.42
2026-05-10T16:58:47.555Z,101.29,95.42
2026-05-10T17:56:03.959Z,101.29,95.42
2026-05-10T18:58:03.670Z,101.29,95.42
2026-05-10T19:56:14.848Z,101.29,95.42
2026-05-10T20:56:48.825Z,101.29,95.42
2026-05-10T21:58:08.902Z,101.29,95.42
2026-05-10T22:59:04.300Z,104.4,98.25
2026-05-10T23:56:03.645Z,104.67,98.58
2026-05-11T00:55:05.031Z,105.12,99.4
2026-05-11T01:57:49.304Z,104.66,99.04
2026-05-11T02:58:04.247Z,105.37,99.69
2026-05-11T03:59:47.812Z,105.66,99.93
2026-05-11T04:59:04.213Z,105.94,100.29
2026-05-11T05:57:04.182Z,118.26,109.76
2026-05-11T06:55:04.270Z,104.57,98.94
2026-05-11T07:58:04.190Z,104.67,98.65
2026-05-11T08:58:49.897Z,118.26,109.76
2026-05-11T09:55:04.073Z,103.76,97.6
2026-05-11T10:57:04.140Z,103.8,97.88
2026-05-11T11:59:05.781Z,104.27,98.33
2026-05-11T12:59:45.411Z,103.99,98.13
2026-05-11T13:59:03.650Z,102.87,96.31
2026-05-11T14:56:45.212Z,103.8,97.65
2026-05-11T15:59:45.913Z,104.02,97.87
2026-05-11T16:59:09.226Z,105.22,99.41
2026-05-11T17:59:04.263Z,104.39,98.38
2026-05-11T18:56:04.202Z,104.21,98.03
2026-05-11T19:59:04.343Z,104.26,98.28
2026-05-11T20:57:04.250Z,104.39,98.4
2026-05-11T21:57:48.280Z,104.53,98.07
2026-05-11T22:58:47.725Z,104.58,98.2
2026-05-11T23:59:45.321Z,104.58,98.1
2026-05-12T00:59:11.645Z,104.78,98.65
2026-05-12T01:55:10.609Z,105.08,98.97
2026-05-12T02:58:03.895Z,105.08,98.98
2026-05-12T03:59:48.213Z,105.19,99.18
2026-05-12T04:55:04.228Z,104.87,98.92
2026-05-12T05:56:04.203Z,105.22,99.34
2026-05-12T06:57:03.579Z,106.41,100.56
2026-05-12T07:57:04.197Z,106.44,100.63
2026-05-12T08:58:04.287Z,106.73,100.9
2026-05-12T09:59:04.249Z,107.2,101.16
2026-05-12T10:55:45.718Z,107.94,101.84
2026-05-12T11:56:04.597Z,107.59,101.39
2026-05-12T12:57:05.443Z,107.16,100.7
2026-05-12T13:57:03.671Z,108.07,101.78
2026-05-12T14:56:06.348Z,107.92,101.94
2026-05-12T15:57:45.265Z,107.66,101.51
2026-05-12T16:59:04.274Z,107.44,101.69
2026-05-12T17:59:48.782Z,107.36,101.62
2026-05-12T18:57:45.871Z,108.01,102.53
2026-05-12T19:58:04.222Z,107.86,102.41
2026-05-12T20:55:45.063Z,107.41,102.04
2026-05-12T21:57:47.744Z,107.66,102.18
2026-05-12T22:57:48.230Z,107.66,101.93
2026-05-12T23:59:04.674Z,107.66,102.08
2026-05-13T00:57:09.082Z,106.95,101.55
2026-05-13T01:56:04.982Z,107.09,101.57
2026-05-13T02:58:44.985Z,106.44,100.92
2026-05-13T03:59:04.160Z,106.59,101.06
2026-05-13T04:57:03.640Z,106.33,100.77
2026-05-13T05:57:04.797Z,106.17,100.59
2026-05-13T06:58:47.071Z,106.57,101.05
2026-05-13T07:56:01.605Z,106.84,101.23
2026-05-13T08:58:45.168Z,107.41,101.62
2026-05-13T09:56:03.540Z,107.12,101.22
2026-05-13T10:58:48.742Z,108.17,102.37
2026-05-13T11:59:10.226Z,107.56,101.86
2026-05-13T12:55:04.479Z,107.84,102.49
2026-05-13T13:56:32.006Z,107.44,102.81
2026-05-13T14:57:03.671Z,107.35,102.87
2026-05-13T15:59:03.666Z,106.72,102.19
2026-05-13T16:56:04.297Z,106.22,102.02
2026-05-13T17:58:53.481Z,105.94,101.27
2026-05-13T18:58:03.589Z,105.57,100.88
2026-05-13T19:55:04.606Z,105.84,101.28
2026-05-13T20:55:04.157Z,105.42,100.81
2026-05-13T21:57:48.233Z,105.75,101.02
2026-05-13T22:57:04.919Z,105.75,100.91
2026-05-13T23:58:47.275Z,105.75,101.04
2026-05-14T00:55:05.054Z,105.71,101.15
2026-05-14T01:55:04.154Z,105.51,100.98
2026-05-14T02:58:04.641Z,106.04,101.45
2026-05-14T03:55:04.222Z,105.97,101.46
2026-05-14T04:55:04.193Z,105.96,101.42
2026-05-14T05:57:03.628Z,106.16,101.5
2026-05-14T06:56:04.316Z,105.55,100.74
2026-05-14T07:56:04.627Z,106.44,101.61
2026-05-14T08:59:48.299Z,106.28,101.36
2026-05-14T09:57:04.880Z,105.83,100.87
2026-05-14T10:58:55.280Z,105.55,100.97
2026-05-14T11:54:04.257Z,105.17,100.52
2026-05-14T12:56:04.205Z,104.87,100.58
2026-05-14T13:56:03.562Z,105.26,100.82
2026-05-14T14:56:04.271Z,105.32,100.82
2026-05-14T15:56:03.687Z,104.88,100.97
2026-05-14T16:56:03.640Z,105.17,100.92
2026-05-14T17:56:04.211Z,106.07,101.98
2026-05-14T18:56:11.865Z,105.98,101.44
2026-05-14T19:56:04.756Z,106.33,101.8
2026-05-14T20:56:04.167Z,106.63,102.07
2026-05-14T21:56:03.655Z,106.57,101.17
2026-05-14T22:56:14.173Z,111.37,105.78
2026-05-14T23:56:15.155Z,111.37,105.78
2026-05-15T00:56:17.503Z,111.37,105.78
2026-05-15T01:56:14.876Z,111.37,105.78
2026-05-15T02:57:14.205Z,111.37,105.78
2026-05-15T03:57:14.731Z,111.37,105.78
2026-05-15T04:57:14.654Z,111.37,105.78
2026-05-15T05:57:15.920Z,111.37,105.78
2026-05-15T06:57:14.145Z,111.37,105.78
2026-05-15T07:57:14.760Z,111.37,105.78
2026-05-15T08:57:14.102Z,111.37,105.78
2026-05-15T09:57:14.755Z,111.37,105.78
2026-05-15T10:57:03.655Z,107.79,103.47
2026-05-15T11:57:04.233Z,108.44,104.29
2026-05-15T12:57:04.274Z,108.25,104.3
2026-05-15T13:57:03.714Z,108.57,104.13
2026-05-15T14:57:03.551Z,109,104.54
2026-05-15T15:57:03.686Z,109.6,105.57
2026-05-15T16:57:04.043Z,109.14,105.02
2026-05-15T17:57:03.687Z,109,105.14
2026-05-15T18:57:03.789Z,109.27,105.33
2026-05-15T19:57:04.290Z,109.41,105.65
2026-05-15T20:57:07.528Z,109.17,105.63
2026-05-15T21:57:05.614Z,109.19,105.42
2026-05-15T22:57:03.663Z,109.19,105.42
2026-05-15T23:57:03.653Z,109.19,105.42
2026-05-16T00:57:04.316Z,109.19,105.42
2026-05-16T01:57:04.062Z,109.26,105.42
2026-05-16T02:57:08.587Z,109.26,105.42
2026-05-16T03:57:10.704Z,109.26,105.42
2026-05-16T04:57:04.222Z,109.26,105.42
2026-05-16T05:57:04.377Z,109.26,105.42
2026-05-16T06:57:05.316Z,109.26,105.42
2026-05-16T07:57:03.529Z,109.26,105.42
2026-05-16T08:57:11.650Z,109.26,105.42
2026-05-16T09:57:04.217Z,109.26,105.42
2026-05-16T10:57:04.386Z,109.26,105.42
2026-05-16T11:57:14.742Z,111.37,105.78
2026-05-16T12:57:14.805Z,111.37,105.78
2026-05-16T13:57:14.238Z,111.37,105.78
2026-05-16T14:57:14.637Z,111.37,105.78
2026-05-16T15:57:15.168Z,111.37,105.78
2026-05-16T16:57:14.704Z,111.37,105.78
2026-05-16T17:57:14.559Z,111.37,105.78
2026-05-16T18:57:14.342Z,111.37,105.78
2026-05-16T19:57:23.592Z,111.37,105.78
2026-05-16T20:57:15.113Z,111.37,105.78
2026-05-16T21:57:20.009Z,111.37,105.78
2026-05-16T22:57:15.828Z,111.37,105.78
2026-05-16T23:57:14.096Z,111.37,105.78
2026-05-17T00:57:14.689Z,111.37,105.78
2026-05-17T01:57:14.294Z,111.37,105.78
2026-05-17T02:57:14.725Z,111.37,105.78
2026-05-17T03:57:22.848Z,111.37,105.78
2026-05-17T04:57:14.947Z,111.37,105.78
2026-05-17T05:57:20.606Z,111.37,105.78
2026-05-17T06:57:14.692Z,111.37,105.78
2026-05-17T07:57:14.119Z,111.37,105.78
2026-05-17T08:57:14.113Z,111.37,105.78
2026-05-17T09:57:14.210Z,111.37,105.78
2026-05-17T10:57:14.482Z,111.37,105.78
2026-05-17T11:57:16.251Z,111.37,105.78
2026-05-17T12:57:14.781Z,111.37,105.78
2026-05-17T13:57:15.947Z,111.37,105.78
2026-05-17T14:57:14.712Z,111.37,105.78
2026-05-17T15:57:14.139Z,111.37,105.78
2026-05-17T16:57:14.289Z,111.37,105.78
2026-05-17T17:57:04.990Z,111.37,105.78
2026-05-17T18:57:14.845Z,111.37,105.78
2026-05-17T19:57:14.187Z,111.37,105.78
2026-05-17T20:57:14.166Z,111.37,105.78
2026-05-17T21:57:14.226Z,111.37,105.78
2026-05-17T22:57:14.177Z,111.37,105.78
2026-05-17T23:57:14.736Z,111.37,105.78
2026-05-18T00:57:14.902Z,111.37,105.78
2026-05-18T01:57:14.114Z,111.37,105.78
2026-05-18T02:57:14.744Z,111.37,105.78
2026-05-18T03:57:18.169Z,111.37,105.78
2026-05-18T04:57:14.186Z,111.37,105.78
2026-05-18T05:57:14.185Z,111.37,105.78
2026-05-18T06:57:14.725Z,111.37,105.78
2026-05-18T07:57:14.138Z,111.37,105.78
2026-05-18T08:57:14.849Z,111.37,105.78
2026-05-18T09:57:14.214Z,111.37,105.78
2026-05-18T10:57:14.811Z,111.37,105.78
2026-05-18T11:57:14.145Z,111.37,105.78
2026-05-18T12:57:14.196Z,111.37,105.78
2026-05-18T13:57:14.288Z,111.37,105.78
2026-05-18T14:57:14.824Z,111.37,105.78
2026-05-18T15:57:14.182Z,111.37,105.78
2026-05-18T16:57:14.224Z,111.37,105.78
2026-05-18T17:57:16.285Z,111.37,105.78
2026-05-18T18:57:14.971Z,111.37,105.78
2026-05-18T19:57:21.794Z,111.37,105.78
2026-05-18T20:57:15.712Z,111.37,105.78
2026-05-18T21:57:14.729Z,111.37,105.78
2026-05-18T22:57:14.716Z,111.37,105.78
2026-05-18T23:57:18.022Z,111.37,105.78
2026-05-19T00:57:14.912Z,111.37,105.78
2026-05-19T01:57:14.680Z,111.37,105.78
2026-05-19T02:57:14.717Z,111.37,105.78
2026-05-19T03:57:14.288Z,111.37,105.78
2026-05-19T04:57:14.649Z,111.37,105.78
2026-05-19T05:57:14.195Z,111.37,105.78
2026-05-19T06:57:14.371Z,111.37,105.78
2026-05-19T07:57:14.909Z,111.37,105.78
2026-05-19T08:57:14.886Z,111.37,105.78
2026-05-19T09:57:21.052Z,111.37,105.78
2026-05-19T10:57:14.774Z,111.37,105.78
2026-05-19T11:57:14.253Z,111.37,105.78
2026-05-19T12:57:16.196Z,111.37,105.78
2026-05-19T13:57:14.842Z,111.37,105.78
2026-05-19T14:57:23.805Z,111.37,105.78
2026-05-19T15:57:14.200Z,111.37,105.78
2026-05-19T16:57:14.245Z,111.37,105.78
2026-05-19T17:57:14.820Z,111.37,105.78
2026-05-19T18:57:21.343Z,111.37,105.78
2026-05-19T19:58:14.319Z,111.37,105.78
2026-05-19T20:58:14.642Z,111.37,105.78
2026-05-19T21:58:19.218Z,111.37,105.78
2026-05-19T22:58:14.167Z,111.37,105.78
2026-05-19T23:58:24.607Z,111.37,105.78
2026-05-20T00:58:14.745Z,111.37,105.78
2026-05-20T01:58:15.576Z,111.37,105.78
2026-05-20T02:58:14.821Z,111.37,105.78
2026-05-20T03:58:14.224Z,111.37,105.78
2026-05-20T04:58:14.667Z,111.37,105.78
2026-05-20T05:58:14.711Z,111.37,105.78
2026-05-20T06:58:21.830Z,111.37,105.78
2026-05-20T07:58:15.046Z,111.37,105.78
2026-05-20T08:58:14.443Z,111.37,105.78
2026-05-20T09:58:14.778Z,111.37,105.78
2026-05-20T10:58:14.162Z,111.37,105.78
2026-05-20T11:58:16.044Z,111.37,105.78
2026-05-20T12:58:14.700Z,111.37,105.78
2026-05-20T13:58:14.130Z,111.37,105.78
2026-05-20T14:58:14.735Z,111.37,105.78
2026-05-20T15:58:14.095Z,111.37,105.78
2026-05-20T16:58:14.139Z,111.37,105.78
2026-05-20T17:58:14.738Z,116.73,112.25
2026-05-20T18:58:14.164Z,116.73,112.25
2026-05-20T19:58:14.206Z,116.73,112.25
2026-05-20T20:58:14.250Z,116.73,112.25
2026-05-20T21:58:14.269Z,116.73,112.25
2026-05-20T22:58:14.261Z,116.73,112.25
2026-05-20T23:58:14.639Z,116.73,112.25
2026-05-21T00:58:18.775Z,116.73,112.25
2026-05-21T01:58:18.449Z,116.73,112.25
2026-05-21T02:58:14.144Z,116.73,112.25
2026-05-21T03:58:23.118Z,116.73,112.25
2026-05-21T04:58:19.551Z,116.73,112.25
2026-05-21T05:58:14.352Z,116.73,112.25
2026-05-21T06:58:14.597Z,116.73,112.25
2026-05-21T07:58:14.133Z,116.73,112.25
2026-05-21T08:58:14.879Z,116.73,112.25
2026-05-21T09:58:14.893Z,116.73,112.25
2026-05-21T10:58:20.818Z,116.73,112.25
2026-05-21T11:58:14.152Z,116.73,112.25
2026-05-21T12:58:23.420Z,116.73,112.25
2026-05-21T13:58:15.075Z,116.73,112.25
2026-05-21T14:58:14.199Z,116.73,112.25
2026-05-21T15:58:14.751Z,116.73,112.25
2026-05-21T16:58:15.757Z,116.73,112.25
2026-05-21T17:58:14.199Z,116.73,112.25
2026-05-21T18:58:20.061Z,116.73,112.25
2026-05-21T19:58:15.939Z,116.73,112.25
2026-05-21T20:58:14.994Z,116.73,112.25
2026-05-21T21:58:14.840Z,116.73,112.25
2026-05-21T22:58:14.651Z,116.73,112.25
2026-05-21T23:58:14.705Z,116.73,112.25
2026-05-22T00:58:14.117Z,116.73,112.25
2026-05-22T01:58:14.754Z,116.73,112.25
2026-05-22T02:58:14.182Z,116.73,112.25
2026-05-22T03:58:14.896Z,116.73,112.25
2026-05-22T04:58:14.709Z,116.73,112.25
2026-05-22T05:58:14.664Z,116.73,112.25
2026-05-22T06:58:14.531Z,116.73,112.25
2026-05-22T07:58:14.809Z,116.73,112.25
2026-05-22T08:58:14.673Z,116.73,112.25
2026-05-22T09:58:14.755Z,116.73,112.25
2026-05-22T10:58:14.287Z,116.73,112.25
2026-05-22T11:58:14.748Z,116.73,112.25
2026-05-22T12:58:14.765Z,116.73,112.25
2026-05-22T13:58:14.088Z,116.73,112.25
2026-05-22T14:58:14.829Z,116.73,112.25
2026-05-22T15:58:14.210Z,116.73,112.25
2026-05-22T16:58:14.801Z,116.73,112.25
2026-05-22T17:58:14.233Z,116.73,112.25
2026-05-22T18:58:19.245Z,116.73,112.25
2026-05-22T19:58:14.699Z,116.73,112.25
2026-05-22T20:58:14.881Z,116.73,112.25
2026-05-22T21:58:14.870Z,116.73,112.25
2026-05-22T22:58:16.567Z,116.73,112.25
2026-05-22T23:58:14.138Z,116.73,112.25
2026-05-23T00:58:14.661Z,116.73,112.25
2026-05-23T01:58:18.313Z,116.73,112.25
2026-05-23T02:58:14.247Z,116.73,112.25
2026-05-23T03:58:14.743Z,116.73,112.25
2026-05-23T04:58:14.553Z,116.73,112.25
2026-05-23T05:58:14.874Z,116.73,112.25
2026-05-23T06:58:14.644Z,116.73,112.25
2026-05-23T07:58:15.126Z,116.73,112.25
2026-05-23T08:58:21.024Z,116.73,112.25
2026-05-23T09:58:15.053Z,116.73,112.25
2026-05-23T10:58:14.612Z,116.73,112.25
2026-05-23T11:58:14.147Z,116.73,112.25
2026-05-23T12:58:14.668Z,116.73,112.25
2026-05-23T13:58:14.094Z,116.73,112.25
2026-05-23T14:58:14.658Z,116.73,112.25
2026-05-23T15:58:14.786Z,116.73,112.25
2026-05-23T16:58:14.721Z,116.73,112.25
2026-05-23T17:58:19.369Z,116.73,112.25
2026-05-23T18:58:14.754Z,116.73,112.25
2026-05-23T19:58:15.657Z,116.73,112.25
2026-05-23T20:58:14.927Z,116.73,112.25
2026-05-23T21:58:14.809Z,116.73,112.25
2026-05-23T22:58:14.510Z,116.73,112.25
2026-05-23T23:58:14.696Z,116.73,112.25
2026-05-24T00:58:14.661Z,116.73,112.25
2026-05-24T01:58:16.919Z,116.73,112.25
2026-05-24T02:58:14.765Z,116.73,112.25
2026-05-24T03:58:14.289Z,116.73,112.25
2026-05-24T04:58:14.632Z,116.73,112.25
2026-05-24T05:58:14.614Z,116.73,112.25
2026-05-24T06:58:14.768Z,116.73,112.25
2026-05-24T07:58:14.211Z,116.73,112.25
2026-05-24T08:58:14.105Z,116.73,112.25
2026-05-24T09:58:14.139Z,116.73,112.25
2026-05-24T10:58:14.131Z,116.73,112.25
2026-05-24T11:58:14.767Z,116.73,112.25
2026-05-24T12:58:14.348Z,116.73,112.25
2026-05-24T13:58:15.565Z,116.73,112.25
2026-05-24T14:58:28.507Z,116.73,112.25
2026-05-24T15:58:14.727Z,116.73,112.25
2026-05-24T16:58:27.351Z,116.73,112.25
2026-05-24T17:58:19.335Z,116.73,112.25
2026-05-24T18:58:14.773Z,116.73,112.25
2026-05-24T19:58:14.916Z,116.73,112.25
2026-05-24T20:58:14.227Z,116.73,112.25
2026-05-24T21:58:14.663Z,116.73,112.25
2026-05-24T22:58:14.653Z,116.73,112.25
2026-05-24T23:58:14.075Z,116.73,112.25
2026-05-25T00:58:15.909Z,116.73,112.25
2026-05-25T01:58:14.135Z,116.73,112.25
2026-05-25T02:58:22.646Z,116.73,112.25
2026-05-25T03:58:14.734Z,116.73,112.25
2026-05-25T04:58:18.639Z,116.73,112.25
2026-05-25T05:58:14.907Z,116.73,112.25
2026-05-25T06:58:14.467Z,116.73,112.25
2026-05-25T07:58:14.781Z,116.73,112.25
2026-05-25T08:58:14.079Z,116.73,112.25
2026-05-25T09:58:14.139Z,116.73,112.25
2026-05-25T10:58:15.847Z,116.73,112.25
2026-05-25T11:58:14.795Z,116.73,112.25
2026-05-25T12:58:14.764Z,116.73,112.25
2026-05-25T13:59:14.109Z,116.73,112.25
2026-05-25T14:59:14.179Z,116.73,112.25
2026-05-25T15:59:14.709Z,116.73,112.25
2026-05-25T16:59:14.741Z,116.73,112.25
2026-05-25T17:59:14.104Z,116.73,112.25
2026-05-25T18:59:14.161Z,116.73,112.25
2026-05-25T19:59:14.707Z,116.73,112.25
2026-05-25T20:59:15.076Z,116.73,112.25
2026-05-25T21:59:14.650Z,116.73,112.25
2026-05-25T22:59:15.048Z,116.73,112.25
2026-05-25T23:59:14.284Z,116.73,112.25
2026-05-26T00:59:14.143Z,116.73,112.25
2026-05-26T01:59:14.206Z,116.73,112.25
2026-05-26T02:59:14.124Z,116.73,112.25
2026-05-26T03:59:28.078Z,116.73,112.25
2026-05-26T04:59:14.201Z,116.73,112.25
2026-05-26T05:59:14.225Z,116.73,112.25
2026-05-26T06:59:14.831Z,116.73,112.25
2026-05-26T07:59:14.508Z,116.73,112.25
2026-05-26T08:59:14.671Z,116.73,112.25
2026-05-26T09:59:15.593Z,116.73,112.25
2026-05-26T10:59:18.925Z,116.73,112.25
2026-05-26T11:59:15.135Z,116.73,112.25
2026-05-26T12:59:15.338Z,116.73,112.25
2026-05-26T13:59:22.100Z,116.73,112.25
2026-05-26T14:59:14.883Z,116.73,112.25
2026-05-26T15:59:14.713Z,116.73,112.25
2026-05-26T16:59:14.913Z,116.73,112.25
2026-05-26T17:59:14.934Z,116.73,112.25
2026-05-26T18:59:03.543Z,96.47,93.68
2026-05-26T19:59:03.735Z,96.59,93.65
2026-05-26T20:59:04.145Z,96.55,93.54
2026-05-26T21:59:03.568Z,96.36,93.57
2026-05-26T22:59:04.129Z,96.36,93.56
2026-05-26T23:59:05.223Z,96.36,93.28
2026-05-27T00:59:05.110Z,95.94,92.94
2026-05-27T01:59:09.023Z,95.83,92.86
2026-05-27T02:59:06.378Z,95.42,92.4
2026-05-27T03:59:04.093Z,95.09,92.13
2026-05-27T04:59:11.716Z,95.04,91.97
2026-05-27T05:59:09.446Z,94.92,91.82
2026-05-27T06:59:06.783Z,94.72,91.58
2026-05-27T07:59:09.900Z,94.26,91.07
2026-05-27T08:59:05.961Z,93.21,90
2026-05-27T09:59:09.245Z,93.37,89.87
2026-05-27T10:59:15.913Z,94,90.35
2026-05-27T11:59:05.485Z,94.29,90.66
2026-05-27T12:59:19.225Z,116.73,112.25
2026-05-27T13:58:05.263Z,93.44,89.87
2026-05-27T14:58:12.595Z,94.08,90.78
2026-05-27T15:58:07.258Z,93.43,90.02
2026-05-27T16:58:05.808Z,93.27,89.86
2026-05-27T17:58:04.098Z,92.61,89.3
2026-05-27T18:58:04.696Z,92.54,88.95
2026-05-27T19:58:04.644Z,93.02,89.47
2026-05-27T20:58:15.241Z,92.89,89.4
2026-05-27T21:58:05.636Z,92.94,89.41
2026-05-27T22:58:10.519Z,92.94,89.63
2026-05-27T23:58:07.486Z,92.94,90.12
2026-05-28T00:58:04.182Z,94.23,90.57
2026-05-28T01:58:07.738Z,93.87,90.18
2026-05-28T02:58:11.711Z,94.49,90.81
2026-05-28T03:58:14.952Z,95.66,92.15
2026-05-28T04:58:03.521Z,95.68,92.16
2026-05-28T05:58:04.094Z,95.02,91.56
2026-05-28T06:58:06.331Z,94.65,91.08
2026-05-28T07:58:04.633Z,94.69,91.09
2026-05-28T08:58:05.722Z,94.44,90.63
2026-05-28T09:58:07.939Z,93.85,90.24
2026-05-28T10:58:11.061Z,94.48,90.73
2026-05-28T11:58:04.010Z,94.89,91.41
2026-05-28T12:58:04.064Z,93.88,90.53
2026-05-28T13:58:07.710Z,94.28,90.82
2026-05-28T14:58:11.745Z,93.4,89.77
2026-05-28T15:58:06.463Z,93.29,89.95
2026-05-28T16:58:09.538Z,91.72,88.22
2026-05-28T17:58:04.726Z,92.38,88.83
2026-05-28T18:58:07.054Z,92.95,89.14
2026-05-28T19:58:10.786Z,93.18,89.36
2026-05-28T20:58:05.926Z,92.66,88.67
2026-05-28T21:58:04.132Z,92.47,88.53
2026-05-28T22:58:15.755Z,92.48,88.58
2026-05-28T23:58:24.078Z,92.48,88.46
2026-05-29T00:58:04.140Z,92.35,88.36
2026-05-29T01:58:05.394Z,91.96,87.97
2026-05-29T02:58:04.038Z,92.03,87.88
2026-05-29T03:58:04.093Z,92.21,88.09
2026-05-29T04:58:04.577Z,91.78,87.77
2026-05-29T05:58:03.503Z,92.05,88.11
2026-05-29T06:58:04.091Z,91.5,87.49
2026-05-29T07:58:03.519Z,92.71,88.75
2026-05-29T08:58:06.618Z,92.34,88.57
2026-05-29T09:58:04.079Z,91.18,87.5
2026-05-29T10:58:03.803Z,91.04,87.35
2026-05-29T11:58:06.291Z,91.17,87.66
2026-05-29T12:58:03.502Z,91.02,87.36
2026-05-29T13:58:05.280Z,91.29,87.73
2026-05-29T14:58:11.065Z,91.14,87.86
2026-05-29T15:58:04.002Z,91.12,87.58
2026-05-29T16:58:15.452Z,90.64,86.65
2026-05-29T17:58:13.507Z,91.07,87.17
2026-05-29T18:58:13.064Z,91.51,87.7
2026-05-29T19:58:03.766Z,91.84,88.01
2026-05-29T20:58:09.971Z,91.56,87.8
2026-05-29T21:58:04.137Z,91.59,87.76
2026-05-29T22:58:04.731Z,91.59,87.76
2026-05-29T23:58:05.495Z,91.59,87.76
2026-05-30T00:58:04.824Z,91.59,87.76
2026-05-30T01:58:08.209Z,91.12,87.76
2026-05-30T02:58:04.125Z,91.12,87.76
2026-05-30T03:58:09.529Z,91.12,87.76
2026-05-30T04:58:06.892Z,91.12,87.76
2026-05-30T05:58:04.072Z,91.12,87.76
2026-05-30T06:58:03.506Z,91.12,87.76
2026-05-30T07:58:06.570Z,91.12,87.36
2026-05-30T08:58:03.528Z,91.12,87.36
2026-05-30T09:58:03.503Z,91.12,87.36
2026-05-30T10:58:03.510Z,91.12,87.36
2026-05-30T11:58:04.081Z,91.12,87.36
2026-05-30T12:58:04.053Z,91.12,87.36
2026-05-30T13:58:06.087Z,91.12,87.36
2026-05-30T14:58:04.138Z,91.12,87.36
2026-05-30T15:58:04.023Z,91.12,87.36
2026-05-30T16:58:03.479Z,91.12,87.36
2026-05-30T17:58:03.530Z,91.12,87.36
2026-05-30T18:58:03.505Z,91.12,87.36
2026-05-30T19:58:06.426Z,91.12,87.36
2026-05-30T20:58:04.098Z,91.12,87.36
2026-05-30T21:58:06.117Z,91.12,87.36
2026-05-30T22:58:12.969Z,91.12,87.36
2026-05-30T23:58:03.492Z,91.12,87.36
2026-05-31T00:58:04.117Z,91.12,87.36
2026-05-31T01:58:07.259Z,91.12,87.36
2026-05-31T02:58:05.283Z,91.12,87.36
2026-05-31T03:58:04.091Z,91.12,87.36
2026-05-31T04:58:04.002Z,91.12,87.36
2026-05-31T05:58:04.114Z,91.12,87.36
2026-05-31T06:58:03.762Z,91.12,87.36
2026-05-31T07:58:04.081Z,91.12,87.36
2026-05-31T08:58:10.533Z,91.12,87.36
2026-05-31T09:58:09.858Z,91.12,87.36
2026-05-31T10:58:05.248Z,91.12,87.36
2026-05-31T11:58:05.806Z,91.12,87.36
2026-05-31T12:58:04.165Z,91.12,87.36
2026-05-31T13:58:06.250Z,91.12,87.36
2026-05-31T14:58:03.498Z,91.12,87.36
2026-05-31T15:58:07.912Z,91.12,87.36
2026-05-31T16:58:04.457Z,91.12,87.36
2026-05-31T17:58:11.013Z,91.12,87.36
2026-05-31T18:58:03.884Z,91.12,87.36
2026-05-31T19:58:04.048Z,91.12,87.36
2026-05-31T20:58:04.319Z,91.12,87.36
2026-05-31T21:58:04.169Z,91.12,87.36
2026-05-31T22:58:03.522Z,93.06,89.43
2026-05-31T23:58:11.023Z,92.91,89.41
2026-06-01T00:58:03.520Z,92.95,89.34
2026-06-01T01:58:04.026Z,93.43,89.98
2026-06-01T02:58:10.979Z,93.06,89.6
2026-06-01T03:58:04.094Z,93.34,89.79
2026-06-01T04:58:04.183Z,93.05,89.66
2026-06-01T05:58:04.225Z,93.22,89.72
2026-06-01T06:58:06.238Z,93.81,90.2
2026-06-01T07:58:04.010Z,93.93,90.39
2026-06-01T08:58:06.681Z,94.35,90.94
2026-06-01T09:58:10.157Z,94.07,90.79
2026-06-01T10:58:07.569Z,94.05,90.62
2026-06-01T11:58:05.128Z,93.64,90.28
2026-06-01T12:58:15.934Z,93.23,89.86
2026-06-01T13:58:10.220Z,96.91,93.85
2026-06-01T14:58:16.877Z,97.51,94.54
2026-06-01T15:58:04.453Z,96.94,93.7
2026-06-01T16:58:04.034Z,96.11,92.99
2026-06-01T17:58:04.228Z,94.71,91.56
2026-06-01T18:58:03.420Z,95.29,92.52
2026-06-01T19:58:11.020Z,95.28,92.44
2026-06-01T20:58:04.099Z,95.3,92.47
2026-06-01T21:58:06.160Z,95.3,92.47
2026-06-01T22:58:09.673Z,95.16,92.3
2026-06-01T23:58:05.538Z,94.85,91.93
2026-06-02T00:58:05.980Z,95.4,92.4
2026-06-02T01:58:08.621Z,94.56,91.68
2026-06-02T02:58:03.485Z,94.65,91.77
2026-06-02T03:58:10.005Z,94.38,91.45
2026-06-02T04:58:06.591Z,94.15,91.21
2026-06-02T05:58:11.677Z,94.28,91.37
2026-06-02T06:58:05.127Z,94.38,91.55
2026-06-02T07:58:04.778Z,93.56,90.82
2026-06-02T08:58:13.964Z,93.32,90.65
2026-06-02T09:58:07.932Z,93.77,91.01
2026-06-02T10:58:03.508Z,93.83,91.17
2026-06-02T11:58:05.923Z,93.79,91.02
2026-06-02T12:58:32.246Z,94.06,91.14
2026-06-02T13:58:13.665Z,94.97,92.28
2026-06-02T14:56:19.987Z,94.88,91.92
2026-06-02T15:56:04.753Z,95.48,92.86
2026-06-02T16:56:04.946Z,95.72,93.12
2026-06-02T17:56:04.160Z,96.14,93.84
2026-06-02T18:56:06.229Z,96.16,93.9
2026-06-02T19:56:04.098Z,96.01,93.69
2026-06-02T20:56:03.831Z,95.78,93.39
2026-06-02T21:56:04.557Z,95.78,93.39
2026-06-02T22:56:03.564Z,96.59,94.25
2026-06-02T23:56:03.569Z,96.73,94.61
2026-06-03T00:56:08.860Z,96.67,94.38
2026-06-03T01:56:05.194Z,96.94,94.85
2026-06-03T02:56:04.945Z,96.9,94.72
2026-06-03T03:56:03.503Z,96.95,94.72
2026-06-03T04:56:03.643Z,97.08,94.9
2026-06-03T05:56:04.062Z,97.78,95.56
2026-06-03T06:56:04.122Z,97.88,95.75
2026-06-03T07:56:09.746Z,97.93,95.88
2026-06-03T08:56:03.545Z,98.47,96.34
2026-06-03T09:56:03.590Z,98.89,96.87
2026-06-03T10:56:03.541Z,98.28,95.99
2026-06-03T11:56:03.537Z,97.94,95.71
2026-06-03T12:56:03.537Z,97.95,96.02
2026-06-03T13:56:04.227Z,96.94,94.48
2026-06-03T14:56:03.549Z,97.49,95.25
2026-06-03T15:56:03.508Z,97.94,95.9
2026-06-03T16:56:07.481Z,97.72,95.67
2026-06-03T17:56:04.068Z,98.09,96.24
2026-06-03T18:56:03.525Z,97.94,96.06
2026-06-03T19:56:03.893Z,97.99,96.22
2026-06-03T20:56:03.514Z,97.86,96.2
2026-06-03T21:56:05.186Z,97.86,96.2
2026-06-03T22:56:04.737Z,97.22,95.24
2026-06-03T23:56:04.152Z,97.14,95.39
2026-06-04T00:56:06.756Z,96.97,95.32
2026-06-04T01:56:04.181Z,96.67,95.01
2026-06-04T02:56:05.294Z,96.54,94.84
2026-06-04T03:56:04.057Z,96.85,95.11
2026-06-04T04:56:04.154Z,96.91,95.21
2026-06-04T05:56:04.014Z,96.87,95.18
2026-06-04T06:56:03.513Z,96.97,95.21
2026-06-04T07:56:04.198Z,97.05,95.42
2026-06-04T08:56:03.843Z,96.56,94.88
2026-06-04T09:56:04.145Z,96.1,94.51
2026-06-04T10:56:04.190Z,96.4,94.91
2026-06-04T11:56:03.522Z,94.41,92.45
2026-06-04T12:56:04.225Z,94.74,92.66
2026-06-04T13:56:06.456Z,94.8,92.36
2026-06-04T14:56:08.226Z,95.35,93.06
2026-06-04T15:56:03.921Z,95.07,93
2026-06-04T16:56:10.682Z,94.75,92.39
2026-06-04T17:56:07.911Z,94.64,92.33
2026-06-04T18:56:08.265Z,95.31,93.33
2026-06-04T19:56:03.504Z,95.29,93.17
2026-06-04T20:56:05.131Z,95.14,92.91
2026-06-04T21:56:03.498Z,95.14,92.91
2026-06-04T22:56:03.555Z,95.24,92.9
2026-06-04T23:56:04.705Z,95.2,92.97
2026-06-05T00:56:04.096Z,94.95,92.69
2026-06-05T01:56:04.766Z,95.45,93.14
2026-06-05T02:56:08.686Z,95.73,93.42
2026-06-05T03:56:03.556Z,95.4,93.14
2026-06-05T04:56:04.769Z,95.33,93.03
2026-06-05T05:56:07.733Z,95.38,92.94
2026-06-05T06:56:04.043Z,95.05,92.76
2026-06-05T07:56:04.597Z,94.89,92.69
2026-06-05T08:56:04.111Z,94.97,92.84
2026-06-05T09:56:04.211Z,94.97,92.85
2026-06-05T10:56:04.180Z,94.84,92.86
2026-06-05T11:56:05.187Z,94.78,92.89
2026-06-05T12:56:04.736Z,94.57,92.39
2026-06-05T13:56:04.216Z,93.96,91.48
2026-06-05T14:56:05.501Z,93.88,91.31
2026-06-05T15:56:04.207Z,93.45,90.77
2026-06-05T16:56:08.993Z,92.99,90.08
2026-06-05T17:56:09.469Z,92.94,90.03
2026-06-05T18:56:04.512Z,92.94,90.3
2026-06-05T19:56:06.172Z,92.97,90.24
2026-06-05T20:56:06.486Z,93.09,90.54
2026-06-05T21:56:04.210Z,93.09,90.54
2026-06-05T22:56:04.201Z,93.09,90.54
2026-06-05T23:56:03.560Z,93.09,90.54
2026-06-06T00:56:06.257Z,93.09,90.54
2026-06-06T01:56:04.779Z,93.09,90.54
2026-06-06T02:56:04.730Z,93.09,90.54
2026-06-06T03:56:04.661Z,93.09,90.54
2026-06-06T04:56:04.186Z,93.09,90.54
2026-06-06T05:56:04.534Z,93.09,90.54
2026-06-06T06:56:04.608Z,93.09,90.54
2026-06-06T07:56:25.293Z,93.09,90.54
2026-06-06T08:56:04.550Z,93.09,90.54
2026-06-06T09:56:04.760Z,93.09,90.54
2026-06-06T10:56:04.780Z,93.09,90.54
2026-06-06T11:56:05.246Z,93.09,90.54
2026-06-06T12:56:04.230Z,93.09,90.54
2026-06-06T13:56:04.622Z,93.09,90.54
2026-06-06T14:56:04.102Z,93.09,90.54
2026-06-06T15:56:04.101Z,93.09,90.54
2026-06-06T16:56:04.786Z,93.09,90.54
2026-06-06T17:56:04.640Z,93.09,90.54
2026-06-06T18:56:04.636Z,93.09,90.54
2026-06-06T19:56:04.590Z,93.09,90.54
2026-06-06T20:56:04.451Z,93.09,90.54
2026-06-06T21:56:04.055Z,93.09,90.54
2026-06-06T22:56:04.748Z,93.09,90.54
2026-06-06T23:56:03.958Z,93.09,90.54
2026-06-07T00:56:06.357Z,93.09,90.54
2026-06-07T01:56:13.889Z,93.09,90.54
2026-06-07T02:56:04.069Z,93.09,90.54
2026-06-07T03:56:04.109Z,93.09,90.54
2026-06-07T04:56:04.659Z,93.09,90.54
2026-06-07T05:56:06.452Z,93.09,90.54
2026-06-07T06:56:04.602Z,93.09,90.54
2026-06-07T07:56:04.027Z,93.09,90.54
2026-06-07T08:56:04.708Z,93.09,90.54
2026-06-07T09:56:04.659Z,93.09,90.54
2026-06-07T10:56:04.630Z,93.09,90.54
2026-06-07T11:56:04.771Z,93.09,90.54
2026-06-07T12:56:04.572Z,93.09,90.54
2026-06-07T13:56:05.115Z,93.09,90.54
2026-06-07T14:56:04.505Z,93.09,90.54
2026-06-07T15:56:04.592Z,93.09,90.54
2026-06-07T16:56:09.034Z,93.09,90.54
2026-06-07T17:56:04.699Z,93.09,90.54
2026-06-07T18:56:04.365Z,93.09,90.54
2026-06-07T19:56:04.807Z,93.09,90.54
2026-06-07T20:56:04.042Z,93.09,90.54
2026-06-07T21:56:05.798Z,93.09,90.54
2026-06-07T22:56:04.186Z,95.5,92.87
2026-06-07T23:56:21.401Z,95.41,92.74
2026-06-08T00:56:04.709Z,95.12,92.41
2026-06-08T01:56:06.506Z,95.87,93.29
2026-06-08T02:56:04.700Z,96.41,93.64
2026-06-08T03:56:04.148Z,96.4,93.55
2026-06-08T04:56:04.208Z,97.3,94.47
2026-06-08T05:56:04.213Z,97.43,94.48
2026-06-08T06:56:04.080Z,97.63,94.62
2026-06-08T07:56:05.737Z,97.61,94.61
2026-06-08T08:56:04.167Z,97.42,94.66
2026-06-08T09:56:04.049Z,96.88,94.67
2026-06-08T10:56:05.832Z,96.08,93.76
2026-06-08T11:56:08.124Z,94.07,91.22
2026-06-08T12:56:05.226Z,94.92,91.91
2026-06-08T13:56:04.449Z,94.23,91.06
2026-06-08T14:56:20.509Z,94.75,91.77
2026-06-08T15:56:05.310Z,94.75,91.61
2026-06-08T16:56:04.249Z,94.54,91.41
2026-06-08T17:56:05.574Z,94.27,91.12
2026-06-08T18:56:04.748Z,94.23,91.14
2026-06-08T19:56:04.698Z,94.22,91.25
2026-06-08T20:56:19.441Z,94.19,91.28
2026-06-08T21:56:08.878Z,94.19,91.28
2026-06-08T22:56:04.248Z,94.35,91.37
2026-06-08T23:56:04.134Z,94.37,91.38
2026-06-09T00:56:04.066Z,94.11,91.03
2026-06-09T01:56:05.735Z,93.99,90.95
2026-06-09T02:56:04.707Z,93.61,90.63
2026-06-09T03:56:04.539Z,93.4,90.13
2026-06-09T04:56:09.491Z,93.5,90.27
2026-06-09T05:56:04.389Z,93.3,90.14
2026-06-09T06:56:04.629Z,93.29,89.93
2026-06-09T07:56:04.115Z,92.97,89.7
2026-06-09T08:56:04.683Z,92.53,89.25
2026-06-09T09:56:04.674Z,92.49,89.16
2026-06-09T10:56:04.134Z,92.24,89.01
2026-06-09T11:56:04.772Z,92.8,89.56
2026-06-09T12:56:04.418Z,92.51,89.04
2026-06-09T13:56:08.410Z,91.1,87.84
2026-06-09T14:56:05.997Z,91.18,87.78
2026-06-09T15:56:05.481Z,90.16,86.7
2026-06-09T16:56:04.133Z,91.44,87.87
2026-06-09T17:56:04.189Z,91.56,88.15
2026-06-09T18:56:05.760Z,91.4,88.05
2026-06-09T19:56:04.707Z,91.56,88.3
2026-06-09T20:56:09.872Z,91.83,88.7
2026-06-09T21:50:02.066Z,91.83,88.7
2026-06-09T22:51:34.844Z,92.44,89.12
2026-06-09T23:54:45.938Z,92.44,89.18
2026-06-10T00:57:23.062Z,92.22,88.85
2026-06-10T01:50:30.436Z,92.2,88.91
2026-06-10T02:51:58.998Z,92.18,88.84
2026-06-10T03:53:44.641Z,92.16,88.88
2026-06-10T04:55:10.108Z,91.92,88.71
2026-06-10T05:56:28.887Z,91.46,88.26
2026-06-10T06:57:51.634Z,91.27,88.01
2026-06-10T07:59:16.300Z,91.8,88.46
2026-06-10T08:50:29.819Z,91.5,88.13
2026-06-10T09:51:53.655Z,91.51,88.25
2026-06-10T10:53:14.972Z,91.11,87.96
2026-06-10T11:54:41.449Z,93.17,90.06
2026-06-10T12:56:09.302Z,92.2,89.06
2026-06-10T13:57:35.012Z,92.41,89.41
2026-06-10T14:59:01.269Z,92.81,90.03
2026-06-10T15:50:22.105Z,92.85,89.85
2026-06-10T16:51:42.601Z,93.99,91.06
2026-06-10T17:53:05.965Z,94.38,91.57
2026-06-10T18:54:31.424Z,93.22,90.2
2026-06-10T19:55:56.532Z,93.49,90.58
2026-06-10T20:57:14.699Z,94.56,91.73
2026-06-10T21:58:32.162Z,94.71,91.85
2026-06-10T22:59:58.983Z,95.45,92.63
2026-06-10T23:51:13.324Z,95.43,92.76
2026-06-11T00:57:26.690Z,95.09,92.17
2026-06-11T01:57:51.381Z,94.3,91.4
2026-06-11T02:59:03.662Z,94.56,91.69
2026-06-11T03:54:55.889Z,94.93,92.02
2026-06-11T04:35:50.754Z,94.63,91.68
2026-06-11T05:52:21.710Z,93.65,90.75
2026-06-11T06:58:43.948Z,93.48,90.55
2026-06-11T07:54:33.906Z,92.38,89.58
2026-06-11T08:56:14.248Z,91.79,88.83
2026-06-11T09:57:32.541Z,92.46,89.57
2026-06-11T10:53:17.114Z,92.05,89.18
2026-06-11T11:44:21.578Z,91.89,89
2026-06-11T12:51:35.934Z,93.51,90.59
2026-06-11T13:52:51.975Z,92.67,89.72
2026-06-11T14:54:03.142Z,92.85,90.19
2026-06-11T15:55:14.730Z,93.7,91.11
2026-06-11T16:56:34.747Z,93.51,90.88
2026-06-11T17:57:51.281Z,89.9,87.07
2026-06-11T18:53:40.213Z,90.61,88
2026-06-11T19:54:58.483Z,88.87,86.28
2026-06-11T20:56:53.450Z,89.21,86.45
2026-06-11T21:58:16.782Z,89.09,86.42
2026-06-11T22:59:32.099Z,88.46,85.91
2026-06-11T23:50:40.091Z,88.66,85.95
2026-06-12T00:52:10.531Z,89.21,86.48
2026-06-12T01:55:59.853Z,89.41,86.85
2026-06-12T02:57:27.132Z,89.3,86.72
2026-06-12T03:58:43.196Z,89.13,86.57
2026-06-12T04:39:32.172Z,88.66,86.17
2026-06-12T05:56:11.527Z,88.29,85.8
2026-06-12T06:59:24.099Z,88.53,86.08
2026-06-12T07:55:29.963Z,88.18,85.68
2026-06-12T08:56:55.777Z,86.44,83.87
2026-06-12T09:58:13.163Z,86.6,83.96
2026-06-12T10:54:13.011Z,87.45,84.83
2026-06-12T11:50:10.688Z,87.38,84.58
2026-06-12T12:51:28.693Z,88.25,85.48
2026-06-12T13:53:07.401Z,89.44,86.56
2026-06-12T14:54:45.450Z,89.17,86.44
2026-06-12T15:56:43.761Z,87.05,84.43
2026-06-12T16:58:13.381Z,87.01,84.53
2026-06-12T17:59:30.594Z,87.23,84.7
2026-06-12T18:51:28.696Z,86.95,84.44
2026-06-12T19:53:03.887Z,87.05,84.46
2026-06-12T20:54:34.525Z,86.74,84.25
2026-06-12T21:55:57.102Z,86.71,84.29
2026-06-12T22:57:16.499Z,86.71,84.29
2026-06-12T23:58:42.760Z,86.71,84.29
2026-06-13T00:49:55.992Z,86.71,84.29
2026-06-13T01:51:19.231Z,86.71,84.29
2026-06-13T02:52:48.303Z,86.71,84.29
2026-06-13T03:54:13.352Z,86.71,84.29
2026-06-13T04:55:38.307Z,87.33,84.88
2026-06-13T05:36:29.654Z,87.33,84.88
2026-06-13T06:55:05.757Z,87.33,84.88
2026-06-13T07:56:42.900Z,87.33,84.88
2026-06-13T08:58:07.157Z,87.33,84.88
2026-06-13T09:59:26.405Z,87.33,84.88
2026-06-13T10:50:43.638Z,87.33,84.88
2026-06-13T11:52:05.812Z,87.33,84.88
2026-06-13T12:53:29.238Z,87.33,84.88
2026-06-13T13:58:59.129Z,87.33,84.88
2026-06-13T14:50:06.122Z,87.33,84.88
2026-06-13T15:50:22.673Z,87.33,84.88
2026-06-13T16:58:56.894Z,87.33,84.88
2026-06-13T17:50:04.060Z,87.33,84.88
2026-06-13T18:58:27.449Z,87.33,84.88
2026-06-13T19:39:13.007Z,87.33,84.88
2026-06-13T20:55:36.432Z,87.33,84.88
2026-06-13T21:51:29.731Z,87.33,84.88
2026-06-13T22:58:54.116Z,87.33,84.88
2026-06-13T23:49:58.291Z,87.33,84.88
2026-06-14T00:57:59.707Z,87.33,84.88
2026-06-14T01:54:48.902Z,87.33,84.88
2026-06-14T02:51:46.899Z,87.33,84.88
2026-06-14T03:53:03.300Z,87.33,84.88
2026-06-14T04:50:05.637Z,87.33,84.88
2026-06-14T05:51:28.995Z,87.33,84.88
2026-06-14T06:57:39.216Z,87.33,84.88
2026-06-14T07:56:12.206Z,87.33,84.88
2026-06-14T08:57:31.724Z,87.33,84.88
2026-06-14T09:58:42.851Z,87.33,84.88
2026-06-14T10:49:50.481Z,87.33,84.88
2026-06-14T11:58:43.815Z,87.33,84.88
2026-06-14T12:57:37.219Z,87.33,84.88
2026-06-14T13:54:49.727Z,87.33,84.88
2026-06-14T14:56:18.823Z,87.33,84.88
2026-06-14T15:54:27.211Z,87.33,84.88
2026-06-14T16:52:01.398Z,87.33,84.88
2026-06-14T17:57:58.386Z,87.33,84.88
2026-06-14T18:59:19.232Z,87.33,84.88
2026-06-14T19:55:25.734Z,87.33,84.88
2026-06-14T20:52:31.649Z,87.33,84.88
2026-06-14T21:53:49.789Z,87.33,84.88
2026-06-14T22:53:49.134Z,84.5,81.64
2026-06-14T23:55:12.341Z,83.9,81.08
2026-06-15T00:57:26.025Z,84.04,81.13
2026-06-15T01:54:14.683Z,83.8,80.8
2026-06-15T02:55:30.240Z,83.22,80.21
2026-06-15T03:55:30.298Z,83.33,80.63
2026-06-15T04:55:25.957Z,83.36,80.6
2026-06-15T05:55:40.322Z,83.63,80.86
2026-06-15T06:52:12.760Z,83.38,80.52
2026-06-15T07:43:26.572Z,82.71,79.73
2026-06-15T08:50:29.692Z,82.98,80.34
2026-06-15T09:57:23.013Z,83.09,80.43
2026-06-15T10:58:36.669Z,83.08,80.46
2026-06-15T11:59:55.754Z,83.05,80.34
2026-06-15T12:57:12.187Z,83.05,80.23
2026-06-15T13:27:45.865Z,83.26,80.49
2026-06-15T15:28:08.443Z,97.46,95
2026-06-15T17:29:16.278Z,97.46,95
2026-06-15T19:59:07.780Z,97.46,95
2026-06-15T20:50:36.653Z,83.61,81.2
2026-06-15T21:51:50.480Z,83.51,81.16
2026-06-15T22:42:42.821Z,83.58,81.29
2026-06-15T23:26:34.468Z,83.68,81.43
2026-06-16T00:47:28.536Z,83.56,81.31
2026-06-16T02:45:36.870Z,83.28,80.92
2026-06-16T04:29:10.378Z,82.97,80.72
2026-06-16T06:59:07.333Z,97.46,95
2026-06-16T08:57:55.939Z,81.1,77.39
2026-06-16T09:59:01.644Z,81.81,78.04
2026-06-16T10:49:59.494Z,80.93,77.23
2026-06-16T11:51:07.414Z,80.9,77.31
2026-06-16T12:52:12.337Z,79.72,76.12
2026-06-16T13:53:20.054Z,80.59,76.9
2026-06-16T14:34:06.646Z,80.38,76.64
2026-06-16T16:59:13.015Z,97.46,95
2026-06-16T17:54:20.314Z,78.5,74.85
2026-06-16T19:59:09.553Z,97.46,95
2026-06-16T20:22:23.925Z,79.44,75.88
2026-06-16T22:29:09.802Z,97.46,95
2026-06-17T00:27:26.128Z,79.52,75.83
2026-06-17T02:19:51.256Z,79,75.39
2026-06-17T03:44:23.901Z,78.81,75.11
2026-06-17T04:09:11.496Z,78.44,74.8
2026-06-17T06:29:08.224Z,97.46,95
2026-06-17T08:56:57.245Z,79.3,75.6
2026-06-17T09:17:15.768Z,79.1,75.49
2026-06-17T10:59:52.572Z,79.03,75.45
2026-06-17T11:50:44.853Z,79.41,75.86
2026-06-17T12:11:06.311Z,79.62,75.93
2026-06-17T14:29:07.535Z,97.46,95
2026-06-17T16:29:15.158Z,97.46,95
2026-06-17T18:59:08.398Z,84.36,84.65
2026-06-17T21:29:14.353Z,84.36,84.65
2026-06-17T23:59:07.419Z,84.36,84.65
2026-06-18T01:59:14.730Z,84.36,84.65
2026-06-18T03:56:02.370Z,78.25,74.58
2026-06-18T04:57:08.105Z,77.84,74.08
2026-06-18T05:58:20.708Z,77.82,74.08
2026-06-18T07:10:06.536Z,77.74,74.18
2026-06-18T08:43:06.838Z,78.05,74.26
2026-06-18T09:59:03.276Z,78,74.09
2026-06-18T10:29:37.863Z,77.93,74.08
2026-06-18T11:51:44.051Z,78.6,74.7
2026-06-18T12:52:55.006Z,78.52,74.57
2026-06-18T13:54:15.873Z,77.33,73.41
2026-06-18T14:55:29.067Z,77.23,73.42
2026-06-18T15:56:50.194Z,77.49,73.8
2026-06-18T16:58:08.517Z,77.94,74.12
2026-06-18T17:59:29.139Z,78.2,74.45
2026-06-18T18:50:31.884Z,79.67,75.79
2026-06-18T19:51:52.625Z,79.58,75.64
2026-06-18T20:53:34.787Z,79.26,75.42
2026-06-18T21:54:55.696Z,79.44,75.52
2026-06-18T22:56:14.570Z,79.27,75.42
2026-06-18T23:57:39.125Z,79.11,75.36
2026-06-19T00:50:13.774Z,79.03,75.18
2026-06-19T01:22:54.669Z,79.09,75.21
2026-06-19T02:53:26.739Z,79.44,75.54
2026-06-19T03:54:43.677Z,79.17,75.26
2026-06-19T04:45:51.317Z,79.71,75.83
2026-06-19T05:33:33.832Z,79.76,75.94
2026-06-19T07:33:45.367Z,80.12,76.26
2026-06-19T08:53:24.212Z,79.58,75.9
2026-06-19T09:49:34.614Z,79.29,75.59
2026-06-19T10:52:51.152Z,79.88,76.17
2026-06-19T11:43:57.533Z,79.66,75.93
2026-06-19T12:55:32.854Z,80.23,76.46
2026-06-19T13:57:07.898Z,79.59,75.8
2026-06-19T14:58:23.588Z,79.92,76.12
2026-06-19T15:59:42.671Z,80.37,76.4
2026-06-19T16:50:48.774Z,80.62,76.61
2026-06-19T17:52:08.998Z,80.59,76.54
2026-06-19T18:22:44.986Z,80.59,76.54
2026-06-19T20:29:11.128Z,84.36,84.65
2026-06-19T22:29:15.547Z,84.36,84.65
2026-06-20T00:29:20.404Z,84.36,84.65
2026-06-20T02:59:12.325Z,84.36,84.65
2026-06-20T04:59:21.286Z,84.36,84.65
2026-06-20T07:29:09.653Z,84.36,84.65
2026-06-20T09:59:08.248Z,84.36,84.65
2026-06-20T12:57:31.566Z,80.59,76.54
2026-06-20T13:59:23.011Z,80.59,76.54
2026-06-20T14:50:32.687Z,80.59,76.54
2026-06-20T15:51:47.596Z,80.59,76.54
2026-06-20T16:52:58.795Z,80.59,76.54
2026-06-20T17:51:11.259Z,80.59,76.54
2026-06-20T19:59:07.276Z,84.36,84.65
2026-06-20T20:37:57.141Z,80.59,76.54
2026-06-20T21:58:58.065Z,80.59,76.54
2026-06-20T22:49:58.028Z,80.59,76.54
2026-06-20T23:51:07.545Z,80.59,76.54
2026-06-21T00:52:24.379Z,80.59,76.54
2026-06-21T01:51:11.307Z,80.59,76.54
2026-06-21T03:59:15.234Z,84.36,84.65
2026-06-21T05:59:21.480Z,84.36,84.65
2026-06-21T08:29:10.426Z,84.36,84.65
2026-06-21T10:52:36.193Z,80.59,76.54
2026-06-21T11:54:01.537Z,80.59,76.54
2026-06-21T12:34:48.505Z,80.59,76.54
2026-06-21T13:32:53.295Z,80.59,76.54
2026-06-21T14:45:16.986Z,80.59,76.54
2026-06-21T16:59:09.752Z,84.36,84.65
2026-06-21T18:41:35.217Z,80.59,76.54
2026-06-21T20:54:23.664Z,80.59,76.54
2026-06-21T21:59:11.258Z,80.59,76.54
2026-06-21T22:19:37.791Z,81.82,77.84
2026-06-21T23:42:35.197Z,81.72,77.78
2026-06-22T00:40:10.869Z,81.1,77.25
2026-06-22T02:59:09.529Z,84.36,84.65
2026-06-22T04:59:14.146Z,84.36,84.65
2026-06-22T07:29:20.149Z,84.36,84.65
2026-06-22T09:59:17.496Z,84.36,84.65
2026-06-22T12:35:47.513Z,78.58,74.65
2026-06-22T13:43:14.561Z,78.34,74.26
2026-06-22T15:59:21.597Z,84.36,84.65
2026-06-22T18:54:17.524Z,77.81,73.78
2026-06-22T19:24:58.851Z,78.1,74.09
2026-06-22T20:56:24.907Z,77.97,74.04
2026-06-22T21:06:40.511Z,80.59,74.07
2026-06-22T23:59:25.042Z,78.17,74.12
2026-06-23T00:10:19.348Z,78.17,74.18
2026-06-23T01:09:12.402Z,78.14,74.19
2026-06-23T03:29:12.518Z,84.36,84.65
2026-06-23T04:59:40.434Z,77.61,73.69
2026-06-23T05:15:02.644Z,77.6,73.72
2026-06-23T06:55:21.230Z,76.67,72.72
2026-06-23T07:05:31.849Z,76.81,72.93
2026-06-23T08:51:01.965Z,77.58,73.66
2026-06-23T09:27:17.142Z,77.5,73.55
2026-06-23T11:39:10.419Z,77.86,73.85
2026-06-23T13:52:28.652Z,76.82,73.22
2026-06-23T14:53:37.094Z,76.81,73.1
2026-06-23T15:54:41.009Z,76.95,73.04
2026-06-23T16:55:45.236Z,76.88,73.02
2026-06-23T17:36:27.739Z,77.17,73.28
2026-06-23T18:33:31.300Z,76.99,73.07
2026-06-23T20:59:55.212Z,76.95,73.12
2026-06-23T22:49:08.959Z,76.9,73.09
2026-06-23T23:29:10.762Z,76.69,72.89
2026-06-24T00:46:03.349Z,76.68,72.8
2026-06-24T01:52:55.323Z,76.72,72.87
2026-06-24T02:54:03.000Z,76.38,72.46
2026-06-24T03:55:04.035Z,76.26,72.4
2026-06-24T04:46:00.672Z,76.46,72.63
2026-06-24T05:52:28.535Z,76.43,72.6
2026-06-24T06:53:36.895Z,76.28,72.55
2026-06-24T07:44:29.867Z,76.14,72.3
2026-06-24T08:52:05.665Z,75.79,72.03
2026-06-24T09:53:02.590Z,75.67,71.84
2026-06-24T10:54:04.668Z,75.52,71.74
2026-06-24T11:55:09.373Z,75.16,71.42
2026-06-24T12:35:56.049Z,74.61,71.01
2026-06-24T14:54:52.927Z,73.63,70
2026-06-24T15:55:59.468Z,73.95,70.34
2026-06-24T16:57:08.950Z,74.19,70.63
2026-06-24T17:37:59.515Z,73.68,70.16
2026-06-24T18:51:54.793Z,73.49,70.18
2026-06-24T19:52:58.625Z,73.32,70.07
2026-06-24T20:54:08.389Z,73.21,69.88
2026-06-24T21:55:12.254Z,73.18,69.87
2026-06-24T22:51:32.550Z,73.11,69.83
2026-06-24T23:52:40.535Z,73.12,69.91
2026-06-25T00:53:50.079Z,73.42,70.13
2026-06-25T01:54:54.915Z,72.49,69.23
2026-06-25T02:35:42.380Z,72.3,69.18
2026-06-25T03:57:42.400Z,72.45,69.25
2026-06-25T04:53:33.042Z,72.65,69.42
2026-06-25T05:54:35.250Z,72.56,69.4
2026-06-25T06:50:13.282Z,72.72,69.61
2026-06-25T07:51:30.543Z,73.05,69.61
2026-06-25T08:57:47.519Z,72.89,69.43
2026-06-25T09:50:27.937Z,72.97,69.5
2026-06-25T10:51:27.166Z,73.03,69.59
2026-06-25T11:52:33.102Z,73.29,69.75
2026-06-25T12:53:40.386Z,73.14,69.44
2026-06-25T13:54:46.528Z,73.77,70.03
2026-06-25T14:56:02.927Z,74.32,70.8
2026-06-25T15:44:05.225Z,74.79,71.31
2026-06-25T17:59:24.905Z,76.49,78.94
2026-06-25T19:51:52.678Z,75.74,72.12
2026-06-25T20:52:58.696Z,75.21,71.68
2026-06-25T21:54:02.101Z,75,71.47
2026-06-25T22:50:13.912Z,74.98,71.43
2026-06-25T23:51:31.463Z,75.06,71.48
2026-06-26T00:52:29.709Z,75.2,71.57
2026-06-26T01:53:00.892Z,75.01,71.45
2026-06-26T02:33:52.853Z,74.79,71.21
2026-06-26T03:54:20.776Z,74.24,70.6
2026-06-26T04:55:35.364Z,74.1,70.45
2026-06-26T06:59:16.275Z,76.49,78.94
2026-06-26T09:29:17.050Z,76.49,78.94
2026-06-26T11:59:10.206Z,76.49,78.94
2026-06-26T13:15:00.507Z,72.83,69.71
2026-06-26T14:51:08.203Z,72.38,68.96
2026-06-26T15:59:01.726Z,72.3,68.85
2026-06-26T16:50:03.065Z,72.44,68.99
2026-06-26T17:51:24.971Z,72.8,69.5
2026-06-26T18:52:42.522Z,72.47,69.11
2026-06-26T20:53:10.372Z,73.25,69.86
2026-06-26T21:44:32.625Z,73.57,70.24
2026-06-26T23:59:13.697Z,76.49,78.94
2026-06-27T02:29:09.280Z,76.49,78.94
2026-06-27T04:29:22.773Z,76.49,78.94
2026-06-27T06:59:17.442Z,76.49,78.94
2026-06-27T09:29:12.270Z,76.49,78.94
2026-06-27T11:59:08.919Z,76.49,78.94
2026-06-27T14:29:11.451Z,76.49,78.94
2026-06-27T16:50:51.342Z,72.6,69.23
2026-06-27T17:52:55.924Z,72.6,69.23
2026-06-27T18:54:21.010Z,72.6,69.23
2026-06-27T19:45:22.849Z,72.6,69.23
2026-06-27T20:25:33.093Z,72.6,69.23
2026-06-27T21:25:17.327Z,72.6,69.23
2026-06-27T22:30:46.114Z,72.6,69.23
2026-06-28T00:59:11.381Z,76.49,78.94
2026-06-28T01:53:45.448Z,72.6,69.23
2026-06-28T02:54:54.782Z,72.6,69.23
2026-06-28T03:56:39.041Z,72.6,69.23
2026-06-28T04:59:07.526Z,72.6,69.23
2026-06-28T05:51:03.120Z,72.6,69.23
2026-06-28T06:01:31.251Z,72.6,69.23
2026-06-28T08:29:21.068Z,76.49,78.94
2026-06-28T10:59:13.208Z,76.49,78.94
2026-06-28T13:53:05.505Z,72.6,69.23
2026-06-28T14:54:46.429Z,72.6,69.23
2026-06-28T15:25:47.018Z,72.6,69.23
2026-06-28T16:54:08.985Z,72.6,69.23
2026-06-28T17:55:39.901Z,72.6,69.23
2026-06-28T19:59:16.574Z,76.49,78.94
2026-06-28T22:29:12.978Z,76.49,78.94
2026-06-28T23:56:23.988Z,73.04,69.79
2026-06-29T00:57:39.611Z,73.27,69.98
2026-06-29T01:28:21.935Z,73.49,70.22
2026-06-29T03:58:39.339Z,73.2,69.97
2026-06-29T04:59:49.499Z,73.23,70.04
2026-06-29T05:30:26.374Z,73.06,69.86
2026-06-29T07:59:08.060Z,76.49,78.94
2026-06-29T09:59:16.013Z,76.49,78.94
2026-06-29T12:29:09.232Z,76.49,78.94
2026-06-29T14:29:11.957Z,76.49,78.94
2026-06-29T15:58:15.231Z,73.83,70.6
2026-06-29T16:49:18.759Z,74.06,70.87
2026-06-30T22:39:15.058Z,73.34,69.94
2026-06-30T23:57:22.552Z,73.38,70.06
2026-07-01T00:58:54.370Z,73.43,70.02
2026-07-01T01:50:04.941Z,73.21,69.79
2026-07-01T03:33:17.267Z,73.26,69.82
2026-07-01T04:56:20.707Z,73.19,69.75
2026-07-01T05:57:52.171Z,73.15,69.69
2026-07-01T06:45:45.080Z,72.95,69.49
2026-07-01T10:37:51.789Z,72.26,68.79
2026-07-01T11:40:24.194Z,72.32,68.96
2026-07-01T13:18:03.387Z,71.91,68.82
2026-07-01T14:58:59.498Z,71.48,68.42
2026-07-01T15:51:38.095Z,71.37,68.32
2026-07-01T16:53:57.075Z,71.36,68.33
2026-07-01T17:55:32.066Z,71.32,68.26
2026-07-01T18:16:01.354Z,71.44,68.34
2026-07-01T19:06:12.184Z,71.44,68.35
2026-07-01T20:22:20.748Z,71.15,68.02
2026-07-01T21:54:28.344Z,71.14,68.09
2026-07-01T22:31:48.247Z,71.2,68
2026-07-01T23:31:39.173Z,71.18,67.99
2026-07-02T00:50:16.841Z,70.94,67.85
2026-07-02T01:41:34.745Z,70.7,67.62
2026-07-02T04:59:34.421Z,70.89,67.87
2026-07-02T05:30:19.663Z,70.87,67.86
2026-07-02T07:50:53.679Z,71.06,68.09
2026-07-02T11:54:56.156Z,70.4,67.26
2026-07-02T14:27:57.354Z,70.8,67.69
2026-07-02T16:51:02.613Z,71.06,68.02
2026-07-02T17:53:18.508Z,71.46,68.4
2026-07-02T18:54:56.982Z,71.71,68.63
2026-07-02T19:52:43.882Z,71.6,68.46
2026-07-02T20:54:21.375Z,71.59,68.5
2026-07-02T21:04:36.799Z,71.57,68.46
2026-07-02T22:47:37.234Z,71.61,68.52
2026-07-02T23:35:52.535Z,71.57,68.43
2026-07-03T00:59:00.309Z,71.51,68.41
2026-07-03T01:49:58.380Z,71.79,68.68
2026-07-03T03:18:07.961Z,72.16,68.97
2026-07-03T04:36:13.240Z,72.25,69.01
2026-07-03T06:50:42.335Z,72.29,69.06
2026-07-03T07:36:40.520Z,71.86,68.57
2026-07-03T12:54:00.622Z,71.48,68.23
2026-07-03T13:55:29.821Z,71.89,68.57
2026-07-03T14:46:31.946Z,72.11,68.75
2026-07-03T15:11:32.249Z,71.96,68.63
2026-07-03T16:12:30.264Z,72.06,68.73
2026-07-03T17:55:18.914Z,72.13,68.78
2026-07-03T18:56:52.469Z,72.13,68.78
2026-07-03T19:51:39.582Z,72.13,68.78
2026-07-03T20:49:49.943Z,72.13,68.78
2026-07-03T22:33:49.254Z,72.13,68.78
2026-07-04T00:45:08.609Z,72.13,68.78
2026-07-04T02:56:49.529Z,72.13,68.78
2026-07-04T03:27:28.399Z,72.13,68.78
2026-07-04T04:04:03.201Z,72.13,68.78
2026-07-04T06:53:12.811Z,72.13,68.78
2026-07-04T07:23:50.772Z,72.13,68.78
2026-07-04T09:14:04.829Z,72.13,68.78
2026-07-04T12:04:11.075Z,72.13,68.78
2026-07-04T17:52:18.131Z,72.13,68.78
2026-07-04T18:53:46.119Z,72.13,68.78
2026-07-04T19:55:24.948Z,72.13,68.78
2026-07-04T20:05:40.577Z,72.13,68.78
2026-07-04T21:56:30.364Z,72.13,68.78
2026-07-04T22:54:58.209Z,72.13,68.78
2026-07-04T23:56:18.030Z,72.13,68.78
2026-07-05T00:57:45.040Z,72.13,68.78
2026-07-05T01:59:18.119Z,72.13,68.78
2026-07-05T02:50:38.398Z,72.13,68.78
2026-07-05T03:21:18.614Z,72.13,68.78
2026-07-05T04:13:11.047Z,72.13,68.78
2026-07-05T05:40:24.345Z,72.13,68.78
2026-07-05T06:19:48.102Z,72.13,68.78
2026-07-05T08:11:13.516Z,72.13,68.78
2026-07-05T11:20:24.424Z,72.13,68.78
2026-07-05T14:22:04.018Z,72.13,68.78
2026-07-05T15:54:01.029Z,72.13,68.78
2026-07-05T16:55:25.874Z,72.13,68.78
2026-07-05T17:57:10.063Z,72.13,68.78
2026-07-05T18:58:44.600Z,72.13,68.78
2026-07-05T19:50:02.574Z,72.13,68.78
2026-07-05T20:20:57.029Z,72.13,68.78
2026-07-05T21:59:05.721Z,72.13,68.78
2026-07-05T22:33:58.197Z,71.75,68.39
2026-07-05T23:19:20.217Z,71.75,68.41
2026-07-06T00:05:11.538Z,71.58,68.24
2026-07-06T03:13:09.652Z,71.82,68.53
2026-07-06T04:17:04.307Z,71.74,68.48
2026-07-06T05:55:59.986Z,72.05,68.8
2026-07-06T06:38:47.601Z,72.18,68.92
2026-07-06T08:01:52.446Z,71.22,67.98
2026-07-06T10:32:26.200Z,71.66,68.26
2026-07-06T11:57:42.323Z,71.8,68.39
2026-07-06T12:49:06.083Z,71.73,68.27
2026-07-06T13:57:29.206Z,71.89,68.48
2026-07-06T14:46:45.113Z,72.36,68.87
2026-07-06T15:20:00.550Z,72.13,68.7
2026-07-06T18:56:47.375Z,71.99,68.57
2026-07-06T19:47:45.167Z,72.13,68.66
2026-07-06T22:25:47.943Z,72.13,68.66
2026-07-07T10:58:07.062Z,72.87,69.29
2026-07-07T19:43:02.873Z,76.04,72.24
2026-07-07T20:05:08.597Z,75.66,71.86
2026-07-07T23:52:07.780Z,76.24,72.44
2026-07-08T00:12:32.728Z,76.13,72.42
2026-07-08T12:22:40.450Z,77.94,73.97
2026-07-08T15:55:09.452Z,80.12,75.67
2026-07-08T16:57:01.864Z,78.97,74.63
2026-07-08T17:58:54.714Z,78.45,73.87
2026-07-08T18:50:20.752Z,78.22,73.72
2026-07-08T19:52:03.988Z,78.35,73.91
2026-07-08T20:53:42.990Z,79.36,74.93
2026-07-08T21:55:17.929Z,79.25,74.76
2026-07-08T22:58:15.153Z,78.95,74.56
2026-07-08T23:59:53.475Z,78.91,74.46
2026-07-09T00:51:26.090Z,78.8,74.18
2026-07-09T01:52:41.132Z,78.67,74.16
2026-07-09T02:53:57.007Z,78.97,74.46
2026-07-09T03:34:56.772Z,78.92,74.41
2026-07-09T04:53:10.390Z,78.81,74.28
2026-07-09T05:54:37.269Z,78.32,73.77
2026-07-09T06:56:05.096Z,77.74,73.22
2026-07-09T07:57:33.487Z,77.08,72.69
2026-07-09T08:58:52.977Z,77.26,72.84
2026-07-09T09:50:08.670Z,77.8,73.36
2026-07-09T10:51:38.140Z,78.27,73.62
2026-07-09T11:53:10.500Z,78.57,73.94
2026-07-09T12:54:54.436Z,78.7,73.99
2026-07-09T13:56:25.356Z,77.49,72.79
2026-07-09T14:58:08.510Z,77.48,72.86
2026-07-09T15:49:38.487Z,76.86,72.2
2026-07-09T16:51:07.924Z,76.35,72.06
2026-07-09T17:52:34.375Z,75.79,71.64
2026-07-09T18:53:57.139Z,76.06,71.75
2026-07-09T19:55:28.526Z,76.08,71.81
2026-07-09T20:57:05.026Z,76.08,71.88
2026-07-09T21:58:53.330Z,76.04,71.81
2026-07-09T22:50:06.692Z,75.98,71.82
2026-07-09T23:51:36.172Z,76.14,71.8
2026-07-10T00:57:57.372Z,76.09,71.95
2026-07-10T01:59:29.184Z,76.3,72.14
2026-07-10T02:50:46.583Z,76.42,72.22
2026-07-10T03:52:18.841Z,76.52,72.3
2026-07-10T04:43:32.478Z,76.7,72.46
2026-07-10T05:50:04.036Z,76.6,72.35
2026-07-10T06:56:15.492Z,76.46,72.25
2026-07-10T07:57:41.314Z,75.67,71.49
2026-07-10T08:58:57.181Z,76.21,71.97
2026-07-10T09:49:55.912Z,76.05,71.8
2026-07-10T10:51:23.255Z,76.17,71.95
2026-07-10T11:55:46.924Z,76.87,72.5
2026-07-10T12:55:59.392Z,76.59,72.15
2026-07-10T13:57:39.341Z,76.18,71.74
2026-07-10T14:59:06.232Z,76.33,71.83
2026-07-10T15:50:10.403Z,75.66,71.23
2026-07-10T16:41:41.245Z,75.71,71.21
2026-07-10T17:53:38.581Z,75.85,71.32
2026-07-10T18:55:07.551Z,76.13,71.58
2026-07-10T19:56:38.965Z,76.13,71.61
2026-07-10T20:58:14.438Z,75.93,71.54
2026-07-10T21:59:57.894Z,76,71.51
2026-07-10T22:51:18.007Z,76,71.51
2026-07-10T23:52:40.931Z,76,71.51
2026-07-11T00:54:05.456Z,76,71.51
2026-07-11T01:55:20.413Z,76,71.51
2026-07-11T02:56:39.994Z,76,71.51
2026-07-11T03:58:02.438Z,76,71.51
2026-07-11T04:58:09.772Z,76,71.51
2026-07-11T05:59:35.268Z,76,71.51
2026-07-11T06:50:39.740Z,76,71.51
2026-07-11T07:52:04.370Z,76,71.51
2026-07-11T08:53:17.022Z,76,71.51
2026-07-11T09:58:35.660Z,76,71.51
2026-07-11T10:59:51.234Z,76,71.51
2026-07-11T11:50:51.808Z,76,71.51
2026-07-11T12:52:03.528Z,76.01,71.41
2026-07-11T13:53:09.788Z,76.01,71.41
2026-07-11T14:54:36.524Z,76.01,71.41
2026-07-11T15:55:56.275Z,76.01,71.41
2026-07-11T16:57:19.006Z,76.01,71.41
2026-07-11T17:58:55.376Z,76.01,71.41
2026-07-11T18:50:07.522Z,76.01,71.41
2026-07-11T19:51:30.374Z,76.01,71.41
2026-07-11T20:52:53.425Z,76.01,71.41
2026-07-11T21:54:39.581Z,76.01,71.41
2026-07-11T22:56:06.669Z,76.01,71.41
2026-07-11T23:57:24.367Z,76.01,71.41
2026-07-12T00:58:57.638Z,76.01,71.41
2026-07-12T01:50:04.531Z,76.01,71.41
2026-07-12T02:51:36.165Z,76.01,71.41
2026-07-12T03:52:56.055Z,76.01,71.41
2026-07-12T04:23:38.350Z,76.01,71.41
2026-07-12T05:58:53.906Z,76.01,71.41
2026-07-12T06:50:01.975Z,76.01,71.41
2026-07-12T07:51:07.158Z,76.01,71.41
2026-07-12T08:52:15.158Z,76.01,71.41
2026-07-12T09:53:23.205Z,76.01,71.41
2026-07-12T10:54:38.972Z,76.01,71.41
2026-07-12T11:55:57.206Z,76.01,71.41
2026-07-12T12:57:10.342Z,76.01,71.41
2026-07-12T13:58:19.468Z,76.01,71.41
2026-07-12T14:59:42.912Z,76.01,71.41
2026-07-12T15:50:40.595Z,76.01,71.41
2026-07-12T16:51:41.846Z,76.01,71.41
2026-07-12T17:53:05.796Z,76.01,71.41
2026-07-12T18:54:26.663Z,76.01,71.41
2026-07-12T19:51:04.139Z,76.01,71.41
2026-07-12T20:52:14.582Z,76.01,71.41
2026-07-12T21:53:24.222Z,76.01,71.41
2026-07-12T22:54:36.860Z,78.34,73.61
2026-07-12T23:55:46.861Z,78.56,73.83
2026-07-13T00:51:36.008Z,78.99,74.31
2026-07-13T01:52:39.633Z,79.24,74.47
2026-07-13T02:53:44.335Z,79,74.32
2026-07-13T03:54:55.740Z,79.1,74.32
2026-07-13T04:56:11.409Z,79.22,74.5
2026-07-13T05:57:24.791Z,79.75,75.03
2026-07-13T06:58:45.242Z,78.74,74.04
2026-07-13T07:49:57.835Z,78.65,73.86
2026-07-13T08:51:18.270Z,78.22,73.41
2026-07-13T09:52:42.789Z,77.48,72.79
2026-07-13T10:53:50.861Z,78.43,73.77
2026-07-13T11:55:14.321Z,78.46,73.74
2026-07-13T12:56:38.853Z,79.19,74.31
2026-07-13T13:57:52.831Z,78.78,74.05
2026-07-13T14:59:11.692Z,79.04,74.26
2026-07-13T15:50:20.126Z,79.37,74.59
2026-07-13T16:51:37.093Z,79.98,75.07
2026-07-13T17:53:42.769Z,81.59,76.63
2026-07-13T18:55:18.319Z,82.64,77.52
2026-07-13T19:56:33.702Z,83,77.8
2026-07-13T20:58:00.407Z,83.2,77.99
2026-07-13T21:52:43.582Z,83.18,78
2026-07-13T22:54:03.271Z,83.4,78.24
2026-07-13T23:55:26.729Z,84.68,79.55
2026-07-14T00:56:48.332Z,85.01,79.82
2026-07-14T01:52:47.023Z,84.26,79.39
2026-07-14T02:54:05.387Z,84.31,79.42
2026-07-14T03:55:25.513Z,84.73,79.67
2026-07-14T04:56:35.374Z,84.9,79.81
2026-07-14T05:57:48.354Z,84.1,78.97
2026-07-14T06:59:01.356Z,85.52,80.47
2026-07-14T07:50:10.279Z,86.04,80.68
2026-07-14T08:51:27.636Z,86.58,80.57
2026-07-14T09:52:50.372Z,86.42,80.25
2026-07-14T10:57:33.401Z,87.05,80.81
2026-07-14T11:58:49.522Z,85.98,79.61
2026-07-14T12:50:04.533Z,86.94,80.59
2026-07-14T13:51:39.341Z,85.81,80.06
2026-07-14T14:53:15.665Z,84.96,79.23
2026-07-14T15:54:45.885Z,84.99,79.57
2026-07-14T16:56:06.949Z,84.82,79.16
2026-07-14T17:57:21.011Z,84.58,78.92
2026-07-14T18:58:30.130Z,85.07,79.6
2026-07-14T19:50:05.767Z,85.36,79.79
2026-07-14T20:51:21.318Z,85.62,80.03
2026-07-14T21:52:35.348Z,85.34,79.83
2026-07-14T22:53:48.353Z,85.44,80
2026-07-14T23:56:29.188Z,85.3,79.91
2026-07-15T00:59:00.133Z,86.3,80.52
2026-07-15T01:50:07.642Z,85.69,80.02
2026-07-15T02:51:31.649Z,85.9,80.18
2026-07-15T03:52:44.838Z,85.96,80.2
2026-07-15T04:53:59.853Z,85.48,79.82
2026-07-15T05:49:53.094Z,85.16,79.53
2026-07-15T06:53:08.390Z,85.25,79.65
2026-07-15T07:44:18.904Z,86.04,80.42
2026-07-15T08:50:30.081Z,85.46,79.92
2026-07-15T09:51:58.829Z,85.11,79.73
2026-07-15T10:53:18.264Z,85.62,80.03
2026-07-15T11:55:03.637Z,85.31,79.8
2026-07-15T12:56:27.463Z,84.97,79.64
2026-07-15T13:57:59.013Z,85.01,79.93
2026-07-15T14:49:10.147Z,84.24,79.33
2026-07-15T17:50:16.166Z,84.52,79.13
2026-07-15T18:51:33.746Z,85.15,79.84
2026-07-15T19:53:08.963Z,85.64,80.3
2026-07-15T20:54:52.728Z,85.95,80.41
2026-07-15T21:56:12.192Z,85.63,80.24
2026-07-15T22:57:28.883Z,85.54,80.31
2026-07-15T23:51:48.929Z,85.38,80.25
2026-07-16T00:53:10.177Z,85.38,80.12
2026-07-16T01:54:50.630Z,85.3,80.12
2026-07-16T02:56:13.560Z,85.31,80.12
2026-07-16T03:57:51.011Z,84.63,79.43
2026-07-16T04:59:05.383Z,84.5,79.28
2026-07-16T05:57:16.233Z,84.57,79.38
2026-07-16T06:58:37.205Z,84.72,79.55
2026-07-16T07:54:32.197Z,84.68,79.62
2026-07-16T08:55:37.443Z,84.64,79.57
2026-07-16T09:56:49.705Z,84.72,79.64
2026-07-16T10:58:01.824Z,84.68,79.47
2026-07-16T11:59:24.650Z,84.5,79.37
2026-07-16T12:50:39.716Z,85.96,80.58
2026-07-16T13:52:07.861Z,85.51,80.05
2026-07-16T14:53:38.224Z,85.21,79.92
2026-07-16T15:55:12.819Z,84.72,78.83
2026-07-16T16:56:41.730Z,84.77,78.8
2026-07-16T17:58:21.206Z,84.37,78.37
2026-07-16T18:59:43.035Z,84.35,78.39
2026-07-16T19:50:48.355Z,84.3,78.38
2026-07-16T20:52:17.466Z,84.76,78.76
2026-07-16T21:53:38.594Z,84.86,78.89
2026-07-16T22:55:01.279Z,84.93,78.97
2026-07-16T23:56:24.047Z,84.92,78.95
2026-07-17T00:57:47.212Z,84.9,78.98
2026-07-17T01:58:54.252Z,85.07,79.15
2026-07-17T02:59:58.053Z,84.81,78.91
2026-07-17T03:50:59.576Z,84.86,78.98
2026-07-17T04:31:50.475Z,85.09,79.19
2026-07-17T05:55:24.632Z,84.17,78.34
2026-07-17T06:56:30.837Z,84.46,78.75
2026-07-17T07:57:36.487Z,84.53,78.8
2026-07-17T08:58:44.570Z,84.74,79.04
2026-07-17T09:59:50.232Z,85.72,79.8
2026-07-17T10:50:48.440Z,85.52,79.75
2026-07-17T11:52:02.795Z,85.8,79.94
2026-07-17T12:53:22.536Z,86.17,80.27
2026-07-17T13:54:38.155Z,86.66,80.9
2026-07-17T14:56:11.028Z,86.72,80.68
2026-07-17T15:57:33.932Z,86.6,80.6
2026-07-17T16:59:08.907Z,87.48,81.31
2026-07-17T17:50:17.756Z,87.82,81.55
2026-07-17T18:51:54.047Z,87.83,81.5
2026-07-17T19:53:22.574Z,87.47,81.16
2026-07-17T20:54:59.479Z,88.15,81.83
2026-07-17T21:46:07.787Z,88.09,81.77
2026-07-17T22:14:24.299Z,88.09,81.77
2026-07-17T23:51:33.588Z,88.09,81.77
2026-07-18T00:52:54.032Z,88.09,81.77
2026-07-18T01:54:45.043Z,88.09,81.77
2026-07-18T02:55:50.274Z,88.09,81.77
2026-07-18T03:56:51.166Z,88.09,81.77
2026-07-18T04:58:01.359Z,88.1,81.78
2026-07-18T05:54:13.549Z,88.1,81.78
2026-07-18T06:55:31.605Z,88.1,81.78
2026-07-18T07:46:33.119Z,88.1,81.78
2026-07-18T08:52:41.808Z,88.1,81.78
2026-07-18T09:53:49.897Z,88.1,81.78
2026-07-18T10:55:13.416Z,88.1,81.78
2026-07-18T11:56:42.677Z,88.1,81.78
2026-07-18T12:58:12.830Z,88.1,81.78
2026-07-18T13:59:32.862Z,88.1,81.78
2026-07-18T14:50:42.121Z,88.1,81.78
2026-07-18T15:52:01.700Z,88.1,81.78
2026-07-18T16:53:28.815Z,88.1,81.78
2026-07-18T17:55:17.809Z,88.1,81.78
2026-07-18T18:56:45.713Z,88.1,81.78
2026-07-18T19:58:07.084Z,88.1,81.78
2026-07-18T20:59:40.041Z,88.1,81.78
2026-07-18T21:51:01.815Z,88.1,81.78
2026-07-18T22:42:14.070Z,88.1,81.78
2026-07-18T23:54:27.842Z,88.1,81.78
2026-07-19T00:55:46.025Z,88.1,81.78
2026-07-19T01:56:58.135Z,88.1,81.78
2026-07-19T02:58:10.957Z,88.1,81.78
2026-07-19T03:59:21.821Z,88.1,81.78
2026-07-19T04:50:19.244Z,88.1,81.78
2026-07-19T05:51:29.220Z,88.1,81.78
2026-07-19T06:52:40.224Z,88.1,81.78
2026-07-19T07:53:49.428Z,88.1,81.78
2026-07-19T08:55:01.776Z,88.1,81.78
2026-07-19T09:52:39.862Z,88.1,81.78
2026-07-19T10:53:45.331Z,88.1,81.78
2026-07-19T11:55:04.949Z,88.1,81.78
2026-07-19T12:56:30.958Z,88.1,81.78
2026-07-19T13:58:21.067Z,88.1,81.78
2026-07-19T14:59:43.109Z,88.1,81.78
2026-07-19T15:50:42.888Z,88.1,81.78
2026-07-19T16:51:57.845Z,88.1,81.78
2026-07-19T17:58:57.649Z,88.1,81.78
2026-07-19T18:52:56.980Z,88.1,81.78
2026-07-19T19:54:02.951Z,88.1,81.78
2026-07-19T20:55:13.068Z,88.1,81.78
2026-07-19T21:56:42.445Z,88.1,81.78
2026-07-19T22:51:48.420Z,91.13,84.23
2026-07-19T23:53:04.617Z,90.8,83.93
2026-07-20T00:54:29.773Z,90.49,83.67
2026-07-20T01:55:41.739Z,90.39,83.75
2026-07-20T02:55:19.755Z,90.2,83.5
2026-07-20T03:47:25.038Z,90.21,83.61
2026-07-20T04:53:51.228Z,90.2,83.5
2026-07-20T05:55:01.783Z,90.49,83.73
2026-07-20T06:56:11.773Z,90.85,83.88
2026-07-20T07:57:59.057Z,89.15,82.51
2026-07-20T08:59:50.661Z,88.05,81.37
2026-07-20T09:50:50.427Z,87.74,81.04
2026-07-20T10:52:02.981Z,88.37,81.58
2026-07-20T11:53:55.552Z,86.38,79.84
2026-07-20T12:55:12.431Z,88.62,81.99
2026-07-20T13:56:37.861Z,87.94,81.47
2026-07-20T14:57:56.530Z,87.99,81.6
2026-07-20T15:59:11.314Z,88.09,81.51
2026-07-20T16:50:33.527Z,88.4,81.7
2026-07-20T17:52:04.109Z,88.9,82.09
2026-07-20T18:53:34.988Z,89.48,82.79
2026-07-20T19:54:56.201Z,88.9,82.43
2026-07-20T20:56:09.950Z,88.98,82.49
2026-07-20T21:57:23.882Z,88.92,82.42
2026-07-20T22:58:51.789Z,89.07,82.66
2026-07-20T23:50:11.872Z,89,82.61
2026-07-21T00:51:39.021Z,88.89,82.42
2026-07-21T01:53:11.623Z,88.59,82.3
2026-07-21T02:54:35.055Z,88.78,82.48
2026-07-21T03:56:07.339Z,88.64,82.22
2026-07-21T04:52:23.417Z,88.53,82.15
2026-07-21T05:53:35.943Z,88.39,82.01
2026-07-21T06:54:49.567Z,88.4,82.05
2026-07-21T07:56:03.595Z,88.45,82.01
2026-07-21T08:57:19.853Z,88.75,82.21
2026-07-21T09:58:44.448Z,89.72,82.98
2026-07-21T10:59:59.658Z,90.01,83.15
2026-07-21T11:51:29.053Z,90.69,83.82
2026-07-21T12:53:14.191Z,90.89,84.08
2026-07-21T13:54:48.233Z,91.5,84.86
2026-07-21T14:56:10.913Z,91.36,84.51
2026-07-21T15:57:48.773Z,91.65,84.76
2026-07-21T16:59:18.193Z,91.39,84.53
2026-07-21T17:50:37.703Z,91.19,84.41
2026-07-21T18:52:24.063Z,90.85,84.21
2026-07-21T19:53:53.989Z,91.46,84.67
2026-07-21T20:55:22.512Z,91.19,84.38
2026-07-21T21:56:53.498Z,91.44,84.54
2026-07-21T22:58:10.230Z,91.65,84.74
2026-07-21T23:59:41.023Z,91.75,84.88
2026-07-22T00:50:53.029Z,91.5,84.65
2026-07-22T01:52:18.301Z,92.56,85.65
2026-07-22T02:53:51.005Z,91.84,85.01
2026-07-22T03:44:59.058Z,92.09,85.2
2026-07-22T04:53:27.893Z,92.3,85.39
2026-07-22T05:44:32.406Z,92.22,85.33
2026-07-22T06:51:05.595Z,92.94,86.13
2026-07-22T07:52:16.551Z,94.72,87.79
2026-07-22T08:53:33.077Z,94.13,87.56
2026-07-22T09:39:14.097Z,94.76,87.96
